"","type","speaker","vowel","dur","f0","f1","f2","f3"
"1","b",1,"æ",257,238,630,2423,3166
"2","b",1,"ɑ",212,241,831,1676,2602
"3","b",1,"ɔ",242,247,725,1384,2642
"4","b",1,"ɛ",184,214,713,2095,3129
"5","b",1,"e",222,230,534,2690,3335
"6","b",1,"ɝ",227,240,608,1733,2159
"7","b",1,"ɪ",197,263,551,2393,3324
"8","b",1,"i",237,277,554,3022,3541
"9","b",1,"o",267,250,693,1235,2850
"10","b",1,"ʊ",184,247,553,1495,2868
"11","b",1,"ʌ",205,237,632,1573,2913
"12","b",1,"u",253,246,502,1540,3176
"13","b",2,"æ",359,286,829,2495,3218
"14","b",2,"ɑ",328,276,1020,1555,2742
"15","b",2,"ɔ",327,263,802,1287,2729
"16","b",2,"ɛ",195,284,674,2196,3047
"17","b",2,"e",324,277,556,2482,3428
"18","b",2,"ɝ",395,283,560,1687,1990
"19","b",2,"ɪ",239,289,563,2608,3476
"20","b",2,"i",317,287,344,3193,3579
"21","b",2,"o",336,258,557,1106,2808
"22","b",2,"ʊ",253,292,570,1148,2947
"23","b",2,"ʌ",161,269,731,1550,3363
"24","b",2,"u",327,287,559,1312,2870
"25","b",3,"æ",335,214,631,2801,3508
"26","b",3,"ɑ",298,214,982,1823,2865
"27","b",3,"ɔ",334,207,805,1299,2582
"28","b",3,"ɛ",260,191,735,2315,3286
"29","b",3,"e",286,201,608,2836,3599
"30","b",3,"ɝ",280,199,622,1837,2114
"31","b",3,"ɪ",284,228,571,2689,3572
"32","b",3,"i",277,219,441,3081,3975
"33","b",3,"o",310,211,624,1456,2933
"34","b",3,"ʊ",247,200,574,1808,2985
"35","b",3,"ʌ",226,210,823,1655,2926
"36","b",3,"u",304,194,506,2378,2991
"37","b",4,"æ",398,239,712,2608,3247
"38","b",4,"ɑ",357,250,932,1874,2994
"39","b",4,"ɔ",304,244,817,1329,2965
"40","b",4,"ɛ",364,245,735,2448,3359
"41","b",4,"e",323,252,574,2490,3189
"42","b",4,"ɝ",386,230,580,1990,2245
"43","b",4,"ɪ",268,249,513,2447,3454
"44","b",4,"i",318,260,509,2873,3475
"45","b",4,"o",322,250,685,1128,3181
"46","b",4,"ʊ",343,251,558,1742,3271
"47","b",4,"ʌ",293,241,756,1672,3183
"48","b",4,"u",292,258,503,1104,3346
"49","b",5,"æ",267,200,748,2589,3042
"50","b",5,"ɑ",270,227,1052,1659,3433
"51","b",5,"ɔ",236,199,780,1236,3360
"52","b",5,"ɛ",207,219,787,2176,3307
"53","b",5,"e",247,215,611,2761,3269
"54","b",5,"ɝ",228,224,573,1562,2227
"55","b",5,"ɪ",209,226,479,2449,3200
"56","b",5,"i",242,244,475,3203,3801
"57","b",5,"o",247,197,589,1050,3083
"58","b",5,"ʊ",197,218,543,1473,3166
"59","b",5,"ʌ",150,217,637,1424,3328
"60","b",5,"u",260,240,481,1226,3131
"61","b",6,"æ",323,262,769,2203,3126
"62","b",6,"ɑ",294,308,881,1543,3076
"63","b",6,"ɔ",378,301,891,1383,3039
"64","b",6,"ɛ",272,297,867,2054,3227
"65","b",6,"e",361,320,629,2663,3132
"66","b",6,"ɝ",375,294,612,1645,2306
"67","b",6,"ɪ",268,296,590,2354,3416
"68","b",6,"i",310,307,488,3063,4430
"69","b",6,"o",311,315,641,1243,3443
"70","b",6,"ʊ",281,305,624,1513,3061
"71","b",6,"ʌ",310,289,822,1489,3281
"72","b",6,"u",303,330,609,1658,2644
"73","b",7,"æ",316,216,870,2281,3077
"74","b",7,"ɑ",340,202,762,1604,2991
"75","b",7,"ɔ",353,207,610,993,2946
"76","b",7,"ɛ",135,205,605,2445,3265
"77","b",7,"e",285,223,606,2396,3015
"78","b",7,"ɝ",261,208,477,1809,2039
"79","b",7,"ɪ",205,215,447,2784,3287
"80","b",7,"i",241,220,434,3127,3566
"81","b",7,"o",341,248,554,896,2870
"82","b",7,"ʊ",200,218,469,1097,2801
"83","b",7,"ʌ",242,201,667,1442,2882
"84","b",7,"u",262,228,440,1124,3117
"85","b",8,"æ",245,220,709,2565,3526
"86","b",8,"ɑ",285,230,987,1610,3010
"87","b",8,"ɔ",313,238,845,1111,3049
"88","b",8,"ɛ",193,238,699,2202,3393
"89","b",8,"e",258,235,555,2377,3123
"90","b",8,"ɝ",262,241,505,1691,2074
"91","b",8,"ɪ",232,239,536,2319,3351
"92","b",8,"i",296,251,501,2760,3262
"93","b",8,"o",210,237,516,1181,3079
"94","b",8,"ʊ",222,237,615,1345,3346
"95","b",8,"ʌ",228,233,695,1423,3210
"96","b",8,"u",211,255,503,1119,3100
"97","b",9,"æ",396,205,634,2555,3121
"98","b",9,"ɑ",413,209,1123,1640,2684
"99","b",9,"ɔ",316,208,695,1288,3014
"100","b",9,"ɛ",234,218,646,2435,3262
"101","b",9,"e",314,197,580,2754,3405
"102","b",9,"ɝ",326,220,620,1823,2188
"103","b",9,"ɪ",263,209,529,2649,3280
"104","b",9,"i",266,222,424,3198,3818
"105","b",9,"o",316,209,623,1241,2770
"106","b",9,"ʊ",259,214,613,1561,2856
"107","b",9,"ʌ",248,203,612,1432,3046
"108","b",9,"u",275,215,463,1676,2976
"109","b",10,"æ",298,209,630,2509,3112
"110","b",10,"ɑ",282,203,832,1602,2551
"111","b",10,"ɔ",331,194,761,1310,2801
"112","b",10,"ɛ",282,214,794,2066,3160
"113","b",10,"e",309,210,571,2586,3293
"114","b",10,"ɝ",322,211,586,1681,2069
"115","b",10,"ɪ",227,197,522,2387,3297
"116","b",10,"i",254,207,429,2984,3348
"117","b",10,"o",270,198,591,1168,2769
"118","b",10,"ʊ",271,213,593,1507,2997
"119","b",10,"ʌ",266,213,699,1454,2765
"120","b",10,"u",246,197,430,1448,2896
"121","b",11,"æ",415,252,736,2505,3332
"122","b",11,"ɑ",425,258,968,1808,3600
"123","b",11,"ɔ",369,251,985,1630,2989
"124","b",11,"ɛ",363,249,742,2355,3514
"125","b",11,"e",357,260,554,2620,3604
"126","b",11,"ɝ",366,263,523,1874,2284
"127","b",11,"ɪ",305,262,548,2592,3485
"128","b",11,"i",349,262,516,3126,3621
"129","b",11,"o",403,261,716,1206,2864
"130","b",11,"ʊ",325,268,588,1578,3113
"131","b",11,"ʌ",298,254,762,1721,3234
"132","b",11,"u",313,258,503,1255,3105
"133","b",12,"æ",281,216,634,2535,3260
"134","b",12,"ɑ",273,211,933,1694,2860
"135","b",12,"ɔ",322,210,875,1402,2830
"136","b",12,"ɛ",258,227,640,2244,3086
"137","b",12,"e",280,242,532,2673,3363
"138","b",12,"ɝ",255,193,574,1751,2078
"139","b",12,"ɪ",253,223,491,2409,3166
"140","b",12,"i",234,239,476,2772,3371
"141","b",12,"o",259,218,586,1217,3041
"142","b",12,"ʊ",244,227,626,1578,2786
"143","b",12,"ʌ",250,211,639,1454,3098
"144","b",12,"u",233,209,435,1312,2715
"145","b",13,"æ",314,198,697,2418,3371
"146","b",13,"ɑ",263,201,998,1560,2745
"147","b",13,"ɔ",243,206,950,1246,2853
"148","b",13,"ɛ",168,200,806,2172,3430
"149","b",13,"e",260,203,436,2658,3519
"150","b",13,"ɝ",283,213,619,1498,1696
"151","b",13,"ɪ",177,221,470,2505,3377
"152","b",13,"i",327,203,421,3337,3578
"153","b",13,"o",263,203,623,1044,3142
"154","b",13,"ʊ",179,212,494,1245,3037
"155","b",13,"ʌ",215,210,697,1305,3167
"156","b",13,"u",263,206,418,940,2567
"157","b",14,"æ",382,272,607,2620,3350
"158","b",14,"ɑ",340,287,871,2042,3410
"159","b",14,"ɔ",312,258,750,1251,3003
"160","b",14,"ɛ",312,279,734,2242,3601
"161","b",14,"e",382,262,558,2643,3216
"162","b",14,"ɝ",371,281,562,1682,1981
"163","b",14,"ɪ",255,287,564,2515,3537
"164","b",14,"i",329,259,446,3011,3587
"165","b",14,"o",394,282,562,1051,3094
"166","b",14,"ʊ",329,291,570,1423,3457
"167","b",14,"ʌ",307,280,654,1517,3466
"168","b",14,"u",324,282,548,1123,3152
"169","b",15,"æ",367,187,753,2227,3064
"170","b",15,"ɑ",364,187,859,1608,2789
"171","b",15,"ɔ",367,201,819,1074,2918
"172","b",15,"ɛ",291,202,616,2356,3200
"173","b",15,"e",346,193,564,2523,3286
"174","b",15,"ɝ",334,200,591,1626,2051
"175","b",15,"ɪ",290,198,562,2549,3101
"176","b",15,"i",324,207,428,3070,3604
"177","b",15,"o",315,217,588,1063,3228
"178","b",15,"ʊ",261,202,615,1397,3109
"179","b",15,"ʌ",300,183,739,1411,3122
"180","b",15,"u",274,241,491,1467,2936
"181","b",16,"æ",352,246,726,2231,2932
"182","b",16,"ɑ",327,245,898,1544,2862
"183","b",16,"ɔ",315,264,744,1093,2898
"184","b",16,"ɛ",189,241,749,1869,3107
"185","b",16,"e",245,250,499,2356,2983
"186","b",16,"ɝ",304,247,556,1741,2245
"187","b",16,"ɪ",276,252,499,2230,3249
"188","b",16,"i",331,259,493,2811,3481
"189","b",16,"o",290,269,581,1115,2924
"190","b",16,"ʊ",247,263,508,1245,2885
"191","b",16,"ʌ",239,257,696,1297,2881
"192","b",16,"u",228,262,505,1296,2619
"193","b",17,"æ",307,249,741,2444,3043
"194","b",17,"ɑ",281,254,1010,1705,2753
"195","b",17,"ɔ",269,249,808,1467,2997
"196","b",17,"ɛ",195,241,710,1993,3268
"197","b",17,"e",265,257,621,2476,3195
"198","b",17,"ɝ",304,272,559,1828,2163
"199","b",17,"ɪ",196,264,535,2190,2998
"200","b",17,"i",269,285,504,2803,3130
"201","b",17,"o",260,257,613,1236,2766
"202","b",17,"ʊ",189,236,563,1585,2841
"203","b",17,"ʌ",233,266,780,1428,3070
"204","b",17,"u",269,278,548,1377,2702
"205","b",18,"æ",312,209,674,2663,3243
"206","b",18,"ɑ",292,218,951,1982,2807
"207","b",18,"ɔ",294,222,820,1356,2700
"208","b",18,"ɛ",227,203,632,2431,3091
"209","b",18,"e",285,222,652,2661,3448
"210","b",18,"ɝ",278,217,571,1984,2206
"211","b",18,"ɪ",263,212,520,2695,3373
"212","b",18,"i",288,228,442,3135,3610
"213","b",18,"o",335,185,548,1062,2926
"214","b",18,"ʊ",294,252,578,1574,3026
"215","b",18,"ʌ",241,235,754,1742,3002
"216","b",18,"u",270,281,550,1114,3012
"217","b",19,"æ",352,205,769,2234,2910
"218","b",19,"ɑ",363,226,1010,1604,2588
"219","b",19,"ɔ",376,240,831,1193,2566
"220","b",19,"ɛ",274,204,642,2015,2916
"221","b",19,"e",465,232,463,2745,3155
"222","b",19,"ɝ",378,247,495,1555,1948
"223","b",19,"ɪ",300,257,506,2432,3008
"224","b",19,"i",398,247,427,2952,3556
"225","b",19,"o",397,243,584,936,2679
"226","b",19,"ʊ",270,221,531,1540,2931
"227","b",19,"ʌ",254,212,632,1352,2740
"228","b",19,"u",320,260,504,997,2826
"229","b",20,"æ",256,229,678,2524,3418
"230","b",20,"ɑ",350,263,854,1518,2988
"231","b",20,"ɔ",384,249,746,1309,2957
"232","b",20,"ɛ",212,242,699,2169,3243
"233","b",20,"e",322,250,558,2559,3311
"234","b",20,"ɝ",336,259,678,1594,2048
"235","b",20,"ɪ",187,231,489,2544,3720
"236","b",20,"i",325,260,475,2916,3399
"237","b",20,"o",370,257,588,1117,2848
"238","b",20,"ʊ",232,237,627,1703,2883
"239","b",20,"ʌ",296,255,746,1552,3044
"240","b",20,"u",243,256,504,1515,2952
"241","b",21,"æ",346,267,809,2592,3331
"242","b",21,"ɑ",292,277,1119,1588,3010
"243","b",21,"ɔ",313,268,765,1067,3266
"244","b",21,"ɛ",238,270,1057,2426,3441
"245","b",21,"e",336,271,586,2720,3446
"246","b",21,"ɝ",332,246,614,1867,2435
"247","b",21,"ɪ",205,276,559,2753,3502
"248","b",21,"i",277,293,366,3207,3722
"249","b",21,"o",314,274,557,1065,3040
"250","b",21,"ʊ",206,277,561,1627,3037
"251","b",21,"ʌ",219,282,863,1566,3134
"252","b",21,"u",251,283,557,1288,3111
"253","b",22,"æ",216,206,545,2690,2959
"254","b",22,"ɑ",238,228,1205,1605,2708
"255","b",22,"ɔ",196,203,770,1010,2411
"256","b",22,"ɛ",165,212,744,2227,2966
"257","b",22,"e",199,212,613,2593,3103
"258","b",22,"ɝ",270,248,568,1512,1783
"259","b",22,"ɪ",137,229,447,2645,3302
"260","b",22,"i",205,213,424,3199,3815
"261","b",22,"o",216,212,615,1093,2691
"262","b",22,"ʊ",169,237,493,1248,2751
"263","b",22,"ʌ",158,213,685,1485,2679
"264","b",22,"u",214,221,438,1336,3117
"265","b",23,"æ",284,223,669,2440,2915
"266","b",23,"ɑ",295,220,872,1565,2531
"267","b",23,"ɔ",340,213,839,1240,2636
"268","b",23,"ɛ",215,232,692,2354,3179
"269","b",23,"e",294,219,441,2585,3014
"270","b",23,"ɝ",277,227,488,1584,1810
"271","b",23,"ɪ",249,212,479,2492,3187
"272","b",23,"i",309,239,382,2987,3320
"273","b",23,"o",292,223,625,1100,2747
"274","b",23,"ʊ",254,238,512,1260,2826
"275","b",23,"ʌ",223,220,688,1251,2795
"276","b",23,"u",286,219,436,1170,2661
"277","b",24,"æ",451,220,643,2434,3326
"278","b",24,"ɑ",314,210,776,1490,2730
"279","b",24,"ɔ",362,220,635,1163,3053
"280","b",24,"ɛ",331,217,668,2106,3353
"281","b",24,"e",426,233,654,2549,3427
"282","b",24,"ɝ",347,224,479,1579,1963
"283","b",24,"ɪ",316,218,481,2567,3550
"284","b",24,"i",342,218,441,3079,3474
"285","b",24,"o",338,215,646,1244,3023
"286","b",24,"ʊ",303,227,546,1254,3333
"287","b",24,"ʌ",292,216,670,1538,3264
"288","b",24,"u",320,235,449,916,3002
"289","b",25,"æ",243,211,634,2410,3303
"290","b",25,"ɑ",270,223,1147,1553,2877
"291","b",25,"ɔ",250,215,792,1268,2988
"292","b",25,"ɛ",192,231,699,2194,3317
"293","b",25,"e",293,239,494,2823,3444
"294","b",25,"ɝ",251,211,615,1742,2009
"295","b",25,"ɪ",174,230,551,2362,3354
"296","b",25,"i",241,239,410,2874,3505
"297","b",25,"o",264,225,658,1272,2944
"298","b",25,"ʊ",174,211,622,1417,2993
"299","b",25,"ʌ",172,214,763,1522,2931
"300","b",25,"u",233,254,495,1283,3033
"301","b",26,"æ",284,227,676,2253,3121
"302","b",26,"ɑ",271,221,1065,1483,2723
"303","b",26,"ɔ",267,216,640,929,2654
"304","b",26,"ɛ",210,221,680,2187,3099
"305","b",26,"e",309,239,510,2438,3126
"306","b",26,"ɝ",263,220,457,1570,1926
"307","b",26,"ɪ",194,240,490,2449,3330
"308","b",26,"i",268,240,361,2938,3810
"309","b",26,"o",293,224,616,1047,2669
"310","b",26,"ʊ",213,239,492,1200,2622
"311","b",26,"ʌ",212,206,667,1400,3017
"312","b",26,"u",255,216,434,1297,2694
"313","b",27,"æ",291,212,860,2503,3002
"314","b",27,"ɑ",285,227,944,1540,2896
"315","b",27,"ɔ",305,214,941,1409,2729
"316","b",27,"ɛ",212,231,856,2304,2916
"317","b",27,"e",289,236,655,2772,3180
"318","b",27,"ɝ",390,250,614,1733,2034
"319","b",27,"ɪ",294,243,503,2433,3150
"320","b",27,"i",269,255,366,3024,3867
"321","b",27,"o",267,241,578,1122,2833
"322","b",27,"ʊ",221,233,684,1623,3019
"323","b",27,"ʌ",243,234,778,1422,3266
"324","b",27,"u",302,249,498,1509,2866
"325","g",28,"æ",295,242,741,2433,3341
"326","g",28,"ɑ",276,238,894,1420,2828
"327","g",28,"ɔ",349,240,867,1292,3296
"328","g",28,"ɛ",202,227,653,2241,3167
"329","g",28,"e",320,243,496,2670,3256
"330","g",28,"ɝ",297,228,556,1687,2002
"331","g",28,"ɪ",233,240,495,2574,3362
"332","g",28,"i",314,222,389,3068,3544
"333","g",28,"o",263,251,571,1243,2854
"334","g",28,"ʊ",224,243,499,1440,2980
"335","g",28,"ʌ",200,247,740,1502,3001
"336","g",28,"u",327,251,500,1724,2988
"337","g",29,"æ",283,196,729,2878,3792
"338","g",29,"ɑ",298,208,1312,1820,3308
"339","g",29,"ɔ",249,217,875,1501,3294
"340","g",29,"ɛ",218,188,928,2254,3612
"341","g",29,"e",286,211,648,2788,3723
"342","g",29,"ɝ",258,223,620,1750,2165
"343","g",29,"ɪ",197,258,557,2634,3691
"344","g",29,"i",248,246,498,3451,4100
"345","g",29,"o",295,230,683,1038,3200
"346","g",29,"ʊ",206,228,639,1518,3253
"347","g",29,"ʌ",215,220,882,1623,3434
"348","g",29,"u",236,188,435,1059,3389
"349","g",30,"æ",385,255,932,2523,3644
"350","g",30,"ɑ",324,246,1007,1742,2982
"351","g",30,"ɔ",430,244,885,1415,3196
"352","g",30,"ɛ",277,245,802,2427,3488
"353","g",30,"e",350,266,561,2663,3550
"354","g",30,"ɝ",359,285,564,2003,2349
"355","g",30,"ɪ",313,271,558,2427,3502
"356","g",30,"i",324,294,463,3225,3699
"357","g",30,"o",380,282,583,1352,3140
"358","g",30,"ʊ",367,271,564,1613,3065
"359","g",30,"ʌ",275,268,784,1614,3392
"360","g",30,"u",300,288,556,1736,3005
"361","g",31,"æ",456,227,682,2638,3510
"362","g",31,"ɑ",375,204,978,1817,2843
"363","g",31,"ɔ",368,210,882,1309,2834
"364","g",31,"ɛ",328,226,809,2265,3309
"365","g",31,"e",321,220,638,2553,3348
"366","g",31,"ɝ",348,223,601,1791,2612
"367","g",31,"ɪ",323,219,441,2728,3285
"368","g",31,"i",305,239,475,3320,3761
"369","g",31,"o",380,239,678,1306,3202
"370","g",31,"ʊ",375,225,504,1440,3000
"371","g",31,"ʌ",290,225,897,1494,2960
"372","g",31,"u",378,219,437,1733,3208
"373","g",32,"æ",292,222,799,2397,3125
"374","g",32,"ɑ",275,225,1026,1544,2536
"375","g",32,"ɔ",300,224,888,1266,2632
"376","g",32,"ɛ",174,222,660,2223,3354
"377","g",32,"e",261,225,542,2755,3283
"378","g",32,"ɝ",299,224,632,1689,2154
"379","g",32,"ɪ",150,236,488,2623,3549
"380","g",32,"i",230,250,478,2997,3755
"381","g",32,"o",268,226,483,903,2954
"382","g",32,"ʊ",234,254,545,1307,3032
"383","g",32,"ʌ",218,238,754,1430,3034
"384","g",32,"u",246,256,480,1011,2574
"385","g",33,"æ",341,242,722,2418,3017
"386","g",33,"ɑ",384,227,843,1803,2562
"387","g",33,"ɔ",342,233,697,1358,2263
"388","g",33,"ɛ",284,230,649,2268,2827
"389","g",33,"e",421,242,544,2444,2605
"390","g",33,"ɝ",365,237,585,1694,2278
"391","g",33,"ɪ",311,252,506,2432,3262
"392","g",33,"i",386,250,457,2776,4268
"393","g",33,"o",442,241,492,927,2671
"394","g",33,"ʊ",186,249,507,1720,2978
"395","g",33,"ʌ",286,234,620,1579,2861
"396","g",33,"u",367,255,503,821,2874
"397","g",34,"æ",384,266,695,2704,3731
"398","g",34,"ɑ",407,249,993,2000,3174
"399","g",34,"ɔ",377,270,787,1234,2924
"400","g",34,"ɛ",294,244,741,2418,3665
"401","g",34,"e",438,257,513,2881,3667
"402","g",34,"ɝ",346,260,540,1571,2167
"403","g",34,"ɪ",378,261,517,2619,3499
"404","g",34,"i",390,263,507,3319,3823
"405","g",34,"o",309,259,536,789,2863
"406","g",34,"ʊ",292,271,585,1636,2941
"407","g",34,"ʌ",303,242,695,1832,3000
"408","g",34,"u",315,271,540,1653,2799
"409","g",35,"æ",382,265,758,2373,3327
"410","g",35,"ɑ",321,245,1197,1734,3187
"411","g",35,"ɔ",425,301,932,1445,3107
"412","g",35,"ɛ",292,238,763,2393,3241
"413","g",35,"e",364,258,536,2859,3507
"414","g",35,"ɝ",413,286,573,1748,2245
"415","g",35,"ɪ",308,264,515,2828,3627
"416","g",35,"i",399,294,503,3256,4056
"417","g",35,"o",423,275,561,1151,2996
"418","g",35,"ʊ",284,294,595,1737,3235
"419","g",35,"ʌ",248,262,756,1579,3388
"420","g",35,"u",307,303,568,1508,2987
"421","g",36,"æ",311,237,946,2540,3229
"422","g",36,"ɑ",282,218,855,1845,3055
"423","g",36,"ɔ",285,226,893,1563,3131
"424","g",36,"ɛ",278,227,816,2404,3448
"425","g",36,"e",310,236,740,2651,3049
"426","g",36,"ɝ",320,212,631,1722,2140
"427","g",36,"ɪ",241,257,518,2870,3681
"428","g",36,"i",292,222,456,3389,4027
"429","g",36,"o",338,238,630,1491,3010
"430","g",36,"ʊ",268,229,667,1446,3220
"431","g",36,"ʌ",222,229,880,1680,3280
"432","g",36,"u",318,216,460,1422,3099
"433","g",37,"æ",353,230,648,2334,2834
"434","g",37,"ɑ",298,240,1047,1488,2879
"435","g",37,"ɔ",380,232,898,1359,2850
"436","g",37,"ɛ",227,226,793,2228,3560
"437","g",37,"e",315,240,494,2676,3280
"438","g",37,"ɝ",296,233,671,1556,2302
"439","g",37,"ɪ",250,226,499,2437,3758
"440","g",37,"i",282,238,465,2875,3699
"441","g",37,"o",363,232,455,923,3258
"442","g",37,"ʊ",310,219,627,1515,3034
"443","g",37,"ʌ",227,226,701,1563,3058
"444","g",37,"u",324,238,460,1291,3010
"445","g",38,"æ",322,240,730,2668,3564
"446","g",38,"ɑ",317,200,1154,1932,3044
"447","g",38,"ɔ",323,241,952,1665,3063
"448","g",38,"ɛ",250,236,762,2349,3484
"449","g",38,"e",293,262,594,2733,3413
"450","g",38,"ɝ",270,253,627,1780,2415
"451","g",38,"ɪ",240,242,533,2762,3466
"452","g",38,"i",304,212,436,3340,3862
"453","g",38,"o",237,225,637,1142,3360
"454","g",38,"ʊ",214,259,571,1819,3274
"455","g",38,"ʌ",226,248,796,1669,3254
"456","g",38,"u",273,276,540,1998,3104
"457","g",39,"æ",301,251,752,2501,3450
"458","g",39,"ɑ",334,241,931,1749,3205
"459","g",39,"ɔ",339,234,823,1356,3419
"460","g",39,"ɛ",250,263,759,2488,3502
"461","g",39,"e",345,258,550,2780,3468
"462","g",39,"ɝ",288,273,561,1692,2358
"463","g",39,"ɪ",273,257,508,2642,3494
"464","g",39,"i",396,278,464,3104,3692
"465","g",39,"o",351,251,502,960,3274
"466","g",39,"ʊ",269,279,563,1577,3159
"467","g",39,"ʌ",232,229,738,1626,3315
"468","g",39,"u",286,273,527,1407,3253
"469","g",40,"æ",306,194,717,2313,3150
"470","g",40,"ɑ",308,189,954,1472,2844
"471","g",40,"ɔ",332,214,854,1109,2960
"472","g",40,"ɛ",297,211,621,2275,3146
"473","g",40,"e",351,222,564,2455,3100
"474","g",40,"ɝ",312,215,603,1663,1983
"475","g",40,"ɪ",311,216,435,2623,3084
"476","g",40,"i",320,220,432,2688,3161
"477","g",40,"o",330,240,499,992,3121
"478","g",40,"ʊ",314,245,498,1491,2924
"479","g",40,"ʌ",259,208,633,1454,2986
"480","g",40,"u",304,239,486,968,2756
"481","g",41,"æ",354,226,888,2605,3651
"482","g",41,"ɑ",299,233,1316,1752,3113
"483","g",41,"ɔ",360,239,894,1366,3371
"484","g",41,"ɛ",266,226,880,2638,3567
"485","g",41,"e",386,237,497,2804,3315
"486","g",41,"ɝ",331,248,707,1706,2245
"487","g",41,"ɪ",337,244,497,2684,3546
"488","g",41,"i",357,251,477,3266,3889
"489","g",41,"o",382,243,577,1217,3225
"490","g",41,"ʊ",298,233,597,1599,3270
"491","g",41,"ʌ",302,247,684,1732,3241
"492","g",41,"u",368,244,496,1739,2873
"493","g",42,"æ",308,208,727,2394,3320
"494","g",42,"ɑ",304,248,911,1624,3230
"495","g",42,"ɔ",291,233,757,1242,3288
"496","g",42,"ɛ",204,249,755,2137,3384
"497","g",42,"e",280,258,575,2502,3445
"498","g",42,"ɝ",269,225,667,1688,2246
"499","g",42,"ɪ",212,243,504,2408,3422
"500","g",42,"i",266,273,466,3004,3634
"501","g",42,"o",262,267,785,1551,3138
"502","g",42,"ʊ",188,236,643,1860,3306
"503","g",42,"ʌ",215,256,782,1622,3171
"504","g",42,"u",245,236,490,2179,3131
"505","g",43,"æ",317,219,591,2632,3497
"506","g",43,"ɑ",416,214,1033,1929,3428
"507","g",43,"ɔ",441,215,1062,1475,3233
"508","g",43,"ɛ",258,205,533,2480,3378
"509","g",43,"e",325,209,570,3256,3584
"510","g",43,"ɝ",287,219,611,2033,2522
"511","g",43,"ɪ",267,212,557,2664,3468
"512","g",43,"i",343,222,436,3443,3843
"513","g",43,"o",300,221,568,1096,2991
"514","g",43,"ʊ",211,217,556,1558,3490
"515","g",43,"ʌ",226,207,744,1854,3360
"516","g",43,"u",315,214,435,1829,3316
"517","g",44,"æ",238,248,747,2703,3829
"518","g",44,"ɑ",220,235,1129,2005,2826
"519","g",44,"ɔ",218,221,1090,1465,2981
"520","g",44,"ɛ",222,229,868,2318,3567
"521","g",44,"e",223,234,618,2752,4040
"522","g",44,"ɝ",197,236,670,1899,2323
"523","g",44,"ɪ",168,236,550,2625,3774
"524","g",44,"i",193,237,479,3093,3755
"525","g",44,"o",222,234,688,1197,3184
"526","g",44,"ʊ",155,237,682,1571,3394
"527","g",44,"ʌ",184,227,885,1629,3430
"528","g",44,"u",192,243,497,1334,3067
"529","g",45,"æ",290,227,672,2484,3492
"530","g",45,"ɑ",259,234,1145,1655,3062
"531","g",45,"ɔ",274,246,998,1368,3282
"532","g",45,"ɛ",228,228,882,2524,3555
"533","g",45,"e",294,249,540,2687,3504
"534","g",45,"ɝ",286,230,627,1628,2058
"535","g",45,"ɪ",220,234,489,2730,3763
"536","g",45,"i",243,232,469,3278,4165
"537","g",45,"o",317,213,622,1223,3380
"538","g",45,"ʊ",241,239,512,1644,3483
"539","g",45,"ʌ",210,248,1045,1609,3456
"540","g",45,"u",248,248,498,1740,3291
"541","g",46,"æ",250,227,555,2569,3424
"542","g",46,"ɑ",186,215,1021,1720,3186
"543","g",46,"ɔ",259,218,1001,1488,3149
"544","g",46,"ɛ",227,230,733,2421,3250
"545","g",46,"e",259,235,558,2533,3224
"546","g",46,"ɝ",262,225,620,1689,2361
"547","g",46,"ɪ",170,226,444,2846,3518
"548","g",46,"i",258,238,472,3120,3574
"549","g",46,"o",246,222,643,1262,3194
"550","g",46,"ʊ",179,243,575,1580,3509
"551","g",46,"ʌ",177,229,646,1578,3366
"552","g",46,"u",227,225,446,1533,3269
"553","m",47,"æ",323,174,663,2012,2659
"554","m",47,"ɑ",316,159,813,1283,2687
"555","m",47,"ɔ",330,177,699,996,2548
"556","m",47,"ɛ",266,171,609,1980,2678
"557","m",47,"e",319,166,494,2113,2700
"558","m",47,"ɝ",324,175,506,1418,1849
"559","m",47,"ɪ",268,179,370,2161,2757
"560","m",47,"i",339,172,328,2418,2939
"561","m",47,"o",369,169,509,989,2561
"562","m",47,"ʊ",255,169,450,995,2519
"563","m",47,"ʌ",292,171,670,1178,2566
"564","m",47,"u",281,184,374,931,2433
"565","m",48,"æ",250,102,628,1871,2477
"566","m",48,"ɑ",249,101,749,1060,2842
"567","m",48,"ɔ",289,106,644,856,2627
"568","m",48,"ɛ",167,103,517,1917,2438
"569","m",48,"e",261,105,438,2196,2480
"570","m",48,"ɝ",296,111,457,1406,1685
"571","m",48,"ɪ",183,111,384,2039,2523
"572","m",48,"i",236,108,305,2320,3072
"573","m",48,"o",261,105,519,891,2532
"574","m",48,"ʊ",174,112,424,992,2249
"575","m",48,"ʌ",173,105,642,998,2682
"576","m",48,"u",257,114,319,938,2091
"577","m",49,"æ",344,99,605,1812,2570
"578","m",49,"ɑ",373,97,755,1133,2695
"579","m",49,"ɔ",355,93,647,926,2785
"580","m",49,"ɛ",284,95,559,1695,2413
"581","m",49,"e",353,91,438,2026,2476
"582","m",49,"ɝ",368,94,479,1252,1621
"583","m",49,"ɪ",262,101,411,1932,2569
"584","m",49,"i",315,96,331,2311,2865
"585","m",49,"o",417,96,496,863,2548
"586","m",49,"ʊ",275,96,489,1059,2567
"587","m",49,"ʌ",297,96,622,1075,2622
"588","m",49,"u",420,101,360,953,2505
"589","m",50,"æ",312,124,627,1910,2488
"590","m",50,"ɑ",302,127,832,1222,2624
"591","m",50,"ɔ",347,131,694,970,2746
"592","m",50,"ɛ",229,127,698,1580,2492
"593","m",50,"e",253,134,493,2102,2839
"594","m",50,"ɝ",332,134,460,1473,1764
"595","m",50,"ɪ",227,135,441,2045,2694
"596","m",50,"i",240,134,353,2385,3400
"597","m",50,"o",300,146,441,862,2455
"598","m",50,"ʊ",210,134,522,1123,2538
"599","m",50,"ʌ",211,131,650,1036,2697
"600","m",50,"u",288,144,422,1299,2347
"601","m",51,"æ",254,115,647,1864,2561
"602","m",51,"ɑ",230,112,871,1204,2595
"603","m",51,"ɔ",250,115,740,999,2691
"604","m",51,"ɛ",177,115,555,1851,2624
"605","m",51,"e",241,120,497,2024,2677
"606","m",51,"ɝ",217,117,489,1338,1747
"607","m",51,"ɪ",159,115,441,2080,2721
"608","m",51,"i",241,122,367,2390,2777
"609","m",51,"o",263,114,524,1000,2432
"610","m",51,"ʊ",147,117,468,1115,2492
"611","m",51,"ʌ",169,117,629,1146,2643
"612","m",51,"u",231,120,366,919,2378
"613","m",52,"æ",254,96,582,1999,2567
"614","m",52,"ɑ",265,98,786,1341,2403
"615","m",52,"ɔ",292,96,642,949,2437
"616","m",52,"ɛ",197,104,571,1926,2615
"617","m",52,"e",281,100,555,2174,2900
"618","m",52,"ɝ",272,96,493,1270,1633
"619","m",52,"ɪ",190,108,363,2269,2935
"620","m",52,"i",259,101,346,2379,3217
"621","m",52,"o",266,94,515,1126,2455
"622","m",52,"ʊ",197,92,442,1176,2435
"623","m",52,"ʌ",185,90,651,1176,2564
"624","m",52,"u",231,113,326,997,2384
"625","m",53,"æ",289,122,602,1880,2539
"626","m",53,"ɑ",302,115,748,1293,2446
"627","m",53,"ɔ",294,120,651,1033,2477
"628","m",53,"ɛ",239,126,582,1768,2463
"629","m",53,"e",328,133,529,1974,2638
"630","m",53,"ɝ",282,131,501,1334,1611
"631","m",53,"ɪ",235,131,390,1948,2566
"632","m",53,"i",298,164,312,2402,2849
"633","m",53,"o",285,125,500,868,2552
"634","m",53,"ʊ",241,132,486,1116,2563
"635","m",53,"ʌ",242,132,626,1159,2643
"636","m",53,"u",239,126,382,1058,2334
"637","m",54,"æ",339,120,545,1872,2630
"638","m",54,"ɑ",330,122,738,1394,2522
"639","m",54,"ɔ",342,123,620,1068,2634
"640","m",54,"ɛ",239,120,560,1697,2663
"641","m",54,"e",318,122,446,1918,2674
"642","m",54,"ɝ",342,137,466,1377,1616
"643","m",54,"ɪ",221,132,385,1843,2696
"644","m",54,"i",341,129,355,2049,2921
"645","m",54,"o",340,134,503,950,2680
"646","m",54,"ʊ",238,125,442,1205,2580
"647","m",54,"ʌ",203,121,602,1336,2690
"648","m",54,"u",296,136,384,1234,2418
"649","m",55,"æ",282,153,552,2027,2737
"650","m",55,"ɑ",271,152,763,1147,2840
"651","m",55,"ɔ",296,151,637,923,2722
"652","m",55,"ɛ",186,154,594,1716,2678
"653","m",55,"e",273,151,439,2067,2708
"654","m",55,"ɝ",249,154,459,1367,1716
"655","m",55,"ɪ",186,153,440,1954,2587
"656","m",55,"i",223,163,320,2300,3038
"657","m",55,"o",269,153,476,1016,2502
"658","m",55,"ʊ",196,157,485,1086,2556
"659","m",55,"ʌ",183,157,658,1410,2720
"660","m",55,"u",237,156,338,1087,2515
"661","m",56,"æ",319,136,629,1871,2574
"662","m",56,"ɑ",321,148,829,1444,2241
"663","m",56,"ɔ",363,162,695,1108,2384
"664","m",56,"ɛ",261,146,569,1709,2502
"665","m",56,"e",360,141,433,2082,2620
"666","m",56,"ɝ",340,140,438,1387,1716
"667","m",56,"ɪ",301,163,470,1959,2697
"668","m",56,"i",323,160,315,2253,2886
"669","m",56,"o",374,149,496,867,2380
"670","m",56,"ʊ",275,151,472,1296,2273
"671","m",56,"ʌ",295,155,619,1241,2455
"672","m",56,"u",327,161,319,936,2187
"673","m",57,"æ",279,100,685,1807,2611
"674","m",57,"ɑ",256,104,825,1429,2701
"675","m",57,"ɔ",283,104,664,1024,2639
"676","m",57,"ɛ",203,99,577,1811,2559
"677","m",57,"e",243,95,439,2126,2762
"678","m",57,"ɝ",268,110,439,1220,1681
"679","m",57,"ɪ",164,109,411,2034,2795
"680","m",57,"i",229,106,327,2257,2943
"681","m",57,"o",268,104,486,826,2631
"682","m",57,"ʊ",208,113,459,1036,2625
"683","m",57,"ʌ",172,107,636,1153,2756
"684","m",57,"u",240,116,371,793,2719
"685","m",58,"æ",272,106,559,1983,2560
"686","m",58,"ɑ",278,100,737,1298,2323
"687","m",58,"ɔ",248,108,664,1043,2575
"688","m",58,"ɛ",231,110,570,1824,2627
"689","m",58,"e",256,109,495,2166,2668
"690","m",58,"ɝ",287,106,506,1464,1672
"691","m",58,"ɪ",249,121,444,2154,2659
"692","m",58,"i",256,106,329,2514,3073
"693","m",58,"o",269,107,491,1065,2383
"694","m",58,"ʊ",203,116,446,1298,2275
"695","m",58,"ʌ",227,105,631,1133,2560
"696","m",58,"u",260,115,379,1123,2383
"697","m",59,"æ",212,138,544,1819,2511
"698","m",59,"ɑ",192,145,679,1208,2630
"699","m",59,"ɔ",223,142,628,1069,2689
"700","m",59,"ɛ",156,144,546,1750,2509
"701","m",59,"e",218,143,482,1904,2526
"702","m",59,"ɝ",204,147,439,1387,1746
"703","m",59,"ɪ",134,145,424,1913,2556
"704","m",59,"i",179,142,311,2274,2510
"705","m",59,"o",214,142,434,862,2561
"706","m",59,"ʊ",150,145,438,1177,2478
"707","m",59,"ʌ",146,147,573,1152,2604
"708","m",59,"u",183,148,382,994,2372
"709","m",60,"æ",257,135,685,1592,2308
"710","m",60,"ɑ",243,132,689,1064,2303
"711","m",60,"ɔ",278,142,634,987,2305
"712","m",60,"ɛ",181,138,554,1790,2469
"713","m",60,"e",259,148,435,2013,2506
"714","m",60,"ɝ",256,140,429,1389,1830
"715","m",60,"ɪ",169,145,419,2076,2602
"716","m",60,"i",261,165,322,2282,2746
"717","m",60,"o",272,146,439,699,2107
"718","m",60,"ʊ",178,148,438,979,2187
"719","m",60,"ʌ",176,152,663,1166,2177
"720","m",60,"u",210,174,339,860,2013
"721","m",61,"æ",264,133,514,2031,2815
"722","m",61,"ɑ",342,135,702,1364,2498
"723","m",61,"ɔ",320,146,662,1001,2744
"724","m",61,"ɛ",170,131,608,1831,2694
"725","m",61,"e",338,151,445,2268,2798
"726","m",61,"ɝ",298,139,504,1386,1813
"727","m",61,"ɪ",179,142,491,1958,2782
"728","m",61,"i",273,143,364,2366,3042
"729","m",61,"o",337,138,454,745,2623
"730","m",61,"ʊ",166,158,481,1094,2623
"731","m",61,"ʌ",193,147,610,1168,2529
"732","m",61,"u",264,147,415,1016,2465
"733","m",62,"æ",244,149,612,1937,2605
"734","m",62,"ɑ",269,148,811,1355,2599
"735","m",62,"ɔ",274,154,653,1020,2810
"736","m",62,"ɛ",185,151,562,1816,2707
"737","m",62,"e",246,156,492,2195,2786
"738","m",62,"ɝ",243,154,505,1330,1929
"739","m",62,"ɪ",194,159,486,2061,2719
"740","m",62,"i",232,160,350,2462,2921
"741","m",62,"o",247,157,566,997,2748
"742","m",62,"ʊ",222,163,499,1127,2684
"743","m",62,"ʌ",183,154,637,1295,2757
"744","m",62,"u",226,165,455,1181,2616
"745","m",63,"æ",286,140,544,2114,2971
"746","m",63,"ɑ",272,135,744,1489,2586
"747","m",63,"ɔ",287,138,648,1013,2473
"748","m",63,"ɛ",199,137,583,1757,2852
"749","m",63,"e",237,141,535,2004,2939
"750","m",63,"ɝ",356,156,457,1437,1648
"751","m",63,"ɪ",221,139,433,2012,2855
"752","m",63,"i",263,161,314,2368,3378
"753","m",63,"o",319,133,534,1002,2293
"754","m",63,"ʊ",237,144,438,1181,2381
"755","m",63,"ʌ",189,138,623,1163,2555
"756","m",63,"u",284,156,370,889,2324
"757","m",64,"æ",252,108,556,1854,2679
"758","m",64,"ɑ",206,114,758,1363,2421
"759","m",64,"ɔ",253,107,631,1019,2219
"760","m",64,"ɛ",138,128,615,1624,2265
"761","m",64,"e",196,126,382,2035,2513
"762","m",64,"ɝ",185,122,463,1371,1684
"763","m",64,"ɪ",145,123,418,1964,2432
"764","m",64,"i",153,129,328,2123,3444
"765","m",64,"o",204,127,499,859,2080
"766","m",64,"ʊ",147,119,451,1106,2195
"767","m",64,"ʌ",139,120,593,1254,2302
"768","m",64,"u",196,116,372,1010,2136
"769","m",65,"æ",249,119,619,2023,2716
"770","m",65,"ɑ",287,115,784,1345,2522
"771","m",65,"ɔ",316,120,688,1139,2549
"772","m",65,"ɛ",184,122,630,1786,2637
"773","m",65,"e",251,121,499,2068,2676
"774","m",65,"ɝ",256,120,491,1455,1896
"775","m",65,"ɪ",220,128,452,2062,2736
"776","m",65,"i",251,127,372,2280,2710
"777","m",65,"o",287,119,520,987,2573
"778","m",65,"ʊ",173,124,470,1202,2555
"779","m",65,"ʌ",226,122,622,1155,2606
"780","m",65,"u",275,128,387,1123,2426
"781","m",66,"æ",274,112,601,1997,2499
"782","m",66,"ɑ",278,107,802,1297,2765
"783","m",66,"ɔ",292,111,696,983,2603
"784","m",66,"ɛ",227,111,629,1810,2639
"785","m",66,"e",311,116,477,2110,2563
"786","m",66,"ɝ",274,117,504,1173,1595
"787","m",66,"ɪ",207,113,463,2018,2688
"788","m",66,"i",265,121,367,2244,3042
"789","m",66,"o",279,117,461,801,2442
"790","m",66,"ʊ",204,121,503,1058,2518
"791","m",66,"ʌ",202,114,617,1071,2685
"792","m",66,"u",230,132,389,959,2441
"793","m",67,"æ",270,120,572,2072,2648
"794","m",67,"ɑ",258,131,803,1234,2430
"795","m",67,"ɔ",248,127,691,1111,2439
"796","m",67,"ɛ",153,119,624,1909,2773
"797","m",67,"e",274,131,529,2114,2731
"798","m",67,"ɝ",258,134,513,1342,1965
"799","m",67,"ɪ",202,138,501,1971,2734
"800","m",67,"i",241,133,381,2515,3059
"801","m",67,"o",233,126,543,1009,2326
"802","m",67,"ʊ",210,131,504,1318,2491
"803","m",67,"ʌ",201,130,628,1223,2609
"804","m",67,"u",239,147,435,1137,2395
"805","m",68,"æ",301,115,546,1820,2548
"806","m",68,"ɑ",256,116,683,1238,2428
"807","m",68,"ɔ",249,109,587,941,2371
"808","m",68,"ɛ",190,109,559,1755,2514
"809","m",68,"e",267,112,494,1962,2608
"810","m",68,"ɝ",260,116,474,1505,1635
"811","m",68,"ɪ",176,107,427,1974,2608
"812","m",68,"i",268,119,352,2254,2888
"813","m",68,"o",261,112,494,925,2235
"814","m",68,"ʊ",216,111,507,1183,2309
"815","m",68,"ʌ",212,113,601,1214,2305
"816","m",68,"u",204,123,372,972,2316
"817","m",69,"æ",259,120,562,1895,2513
"818","m",69,"ɑ",271,124,697,1370,2597
"819","m",69,"ɔ",282,111,636,978,2220
"820","m",69,"ɛ",207,114,609,1675,2495
"821","m",69,"e",262,113,504,1878,2549
"822","m",69,"ɝ",252,121,505,1450,1651
"823","m",69,"ɪ",197,129,439,1951,2622
"824","m",69,"i",271,115,323,2269,2943
"825","m",69,"o",275,107,436,865,2377
"826","m",69,"ʊ",208,116,492,1157,2454
"827","m",69,"ʌ",230,116,593,1213,2329
"828","m",69,"u",225,123,374,921,2288
"829","m",70,"æ",257,105,594,2000,2550
"830","m",70,"ɑ",212,106,743,1423,2494
"831","m",70,"ɔ",171,103,686,1064,2432
"832","m",70,"ɛ",215,104,634,1874,2563
"833","m",70,"e",252,115,472,2141,2623
"834","m",70,"ɝ",231,116,442,1517,1736
"835","m",70,"ɪ",188,115,453,2013,2660
"836","m",70,"i",218,117,338,2329,2945
"837","m",70,"o",246,105,533,900,2435
"838","m",70,"ʊ",173,113,487,994,2299
"839","m",70,"ʌ",166,105,662,1166,2553
"840","m",70,"u",207,123,371,950,2264
"841","m",71,"æ",212,131,662,1934,2649
"842","m",71,"ɑ",154,173,710,1084,2753
"843","m",71,"ɔ",222,122,681,1060,2863
"844","m",71,"ɛ",125,128,636,1893,2765
"845","m",71,"e",231,124,490,2187,2722
"846","m",71,"ɝ",201,140,496,1500,1711
"847","m",71,"ɪ",160,189,469,2128,2744
"848","m",71,"i",194,175,368,2509,2893
"849","m",71,"o",213,130,530,1000,2652
"850","m",71,"ʊ",146,132,435,994,2565
"851","m",71,"ʌ",168,124,682,1192,2774
"852","m",71,"u",197,189,377,888,2416
"853","m",72,"æ",241,114,566,2041,2500
"854","m",72,"ɑ",220,123,825,1438,2434
"855","m",72,"ɔ",226,117,720,1063,2369
"856","m",72,"ɛ",177,118,620,1832,2583
"857","m",72,"e",211,139,393,2305,2694
"858","m",72,"ɝ",206,118,453,1432,1690
"859","m",72,"ɪ",145,131,404,2107,2677
"860","m",72,"i",161,132,309,2385,3219
"861","m",72,"o",238,118,509,896,2354
"862","m",72,"ʊ",188,124,491,1246,2336
"863","m",72,"ʌ",145,133,623,1207,2455
"864","m",72,"u",185,143,401,980,2460
"865","m",73,"æ",302,96,559,1873,2509
"866","m",73,"ɑ",290,101,673,1301,2433
"867","m",73,"ɔ",344,92,619,1012,2460
"868","m",73,"ɛ",197,98,565,1805,2608
"869","m",73,"e",338,94,374,2436,2803
"870","m",73,"ɝ",310,103,430,1294,1487
"871","m",73,"ɪ",178,105,383,2167,2726
"872","m",73,"i",282,107,307,2405,3442
"873","m",73,"o",301,95,376,659,2572
"874","m",73,"ʊ",191,109,430,1021,2507
"875","m",73,"ʌ",199,96,560,1118,2503
"876","m",73,"u",288,105,313,861,2374
"877","m",74,"æ",208,143,579,1982,2639
"878","m",74,"ɑ",184,160,707,1421,2403
"879","m",74,"ɔ",196,155,640,1149,2227
"880","m",74,"ɛ",146,146,571,1752,2668
"881","m",74,"e",239,158,444,2121,2547
"882","m",74,"ɝ",210,146,435,1289,1562
"883","m",74,"ɪ",134,165,440,2119,2694
"884","m",74,"i",202,158,312,2319,2865
"885","m",74,"o",175,150,457,870,2566
"886","m",74,"ʊ",111,156,463,1086,2453
"887","m",74,"ʌ",128,152,622,1285,2472
"888","m",74,"u",171,199,379,982,2407
"889","m",75,"æ",208,149,623,1937,2526
"890","m",75,"ɑ",216,146,697,1293,2461
"891","m",75,"ɔ",195,144,633,995,2500
"892","m",75,"ɛ",166,149,608,1871,2572
"893","m",75,"e",219,148,500,2159,2634
"894","m",75,"ɝ",202,151,491,1370,1679
"895","m",75,"ɪ",154,148,438,2049,2609
"896","m",75,"i",205,166,327,2378,2999
"897","m",75,"o",198,160,487,804,2508
"898","m",75,"ʊ",134,160,500,1067,2435
"899","m",75,"ʌ",143,147,666,1135,2471
"900","m",75,"u",185,165,402,809,2466
"901","m",76,"æ",328,136,555,1996,2609
"902","m",76,"ɑ",272,135,816,1361,2493
"903","m",76,"ɔ",268,133,649,1048,2441
"904","m",76,"ɛ",205,131,567,1718,2557
"905","m",76,"e",311,142,480,2100,2576
"906","m",76,"ɝ",270,129,477,1376,1679
"907","m",76,"ɪ",204,147,437,1960,2596
"908","m",76,"i",254,159,314,2506,2963
"909","m",76,"o",260,138,502,879,2465
"910","m",76,"ʊ",180,141,495,1093,2463
"911","m",76,"ʌ",204,136,575,1130,2489
"912","m",76,"u",241,160,373,931,2381
"913","m",77,"æ",267,129,555,1849,2502
"914","m",77,"ɑ",250,115,722,1411,2264
"915","m",77,"ɔ",239,116,623,1012,2506
"916","m",77,"ɛ",185,121,541,1743,2563
"917","m",77,"e",261,116,469,2035,2660
"918","m",77,"ɝ",252,115,447,1400,1791
"919","m",77,"ɪ",172,128,379,1942,2658
"920","m",77,"i",200,130,365,2119,2883
"921","m",77,"o",243,124,499,883,2618
"922","m",77,"ʊ",160,125,442,1092,2459
"923","m",77,"ʌ",177,124,583,1187,2627
"924","m",77,"u",244,131,377,1008,2308
"925","m",78,"æ",326,110,634,1730,2456
"926","m",78,"ɑ",269,109,748,1274,2406
"927","m",78,"ɔ",304,106,645,1049,2507
"928","m",78,"ɛ",244,112,543,1840,2574
"929","m",78,"e",312,108,438,2003,2552
"930","m",78,"ɝ",271,112,440,1447,1701
"931","m",78,"ɪ",226,111,397,1985,2615
"932","m",78,"i",268,113,327,2143,2881
"933","m",78,"o",317,114,465,969,2364
"934","m",78,"ʊ",230,106,466,1375,2478
"935","m",78,"ʌ",219,109,561,1343,2498
"936","m",78,"u",254,114,357,1130,2300
"937","m",79,"æ",270,121,570,1856,2630
"938","m",79,"ɑ",252,116,744,1388,2541
"939","m",79,"ɔ",300,112,645,1063,2565
"940","m",79,"ɛ",217,114,579,1866,2799
"941","m",79,"e",269,121,478,2049,2866
"942","m",79,"ɝ",290,119,493,1428,1741
"943","m",79,"ɪ",174,130,428,1999,2849
"944","m",79,"i",219,135,362,2103,3074
"945","m",79,"o",230,122,496,908,2435
"946","m",79,"ʊ",185,120,496,1101,2396
"947","m",79,"ʌ",171,118,630,1328,2554
"948","m",79,"u",265,124,388,982,2316
"949","m",80,"æ",207,130,614,1768,2393
"950","m",80,"ɑ",219,127,700,1295,2310
"951","m",80,"ɔ",202,130,606,991,2135
"952","m",80,"ɛ",139,130,568,1687,2419
"953","m",80,"e",193,140,497,1903,2455
"954","m",80,"ɝ",212,130,478,1440,1665
"955","m",80,"ɪ",147,133,434,1872,2543
"956","m",80,"i",195,137,392,2127,2874
"957","m",80,"o",211,142,437,861,2160
"958","m",80,"ʊ",159,132,497,1164,2245
"959","m",80,"ʌ",169,134,596,1053,2282
"960","m",80,"u",193,143,409,846,2073
"961","m",81,"æ",213,131,553,2140,2327
"962","m",81,"ɑ",192,148,705,1323,2643
"963","m",81,"ɔ",229,142,636,1108,2623
"964","m",81,"ɛ",158,135,583,1760,2497
"965","m",81,"e",255,155,477,2073,2617
"966","m",81,"ɝ",206,142,451,1314,1731
"967","m",81,"ɪ",142,133,427,2140,2626
"968","m",81,"i",187,145,308,2190,2819
"969","m",81,"o",209,136,548,1067,2480
"970","m",81,"ʊ",153,146,436,1154,2300
"971","m",81,"ʌ",155,141,602,1176,2495
"972","m",81,"u",195,153,377,1063,2238
"973","m",82,"æ",311,153,605,2002,2666
"974","m",82,"ɑ",287,139,963,1524,2552
"975","m",82,"ɔ",196,124,670,919,2241
"976","m",82,"ɛ",201,150,641,1814,2642
"977","m",82,"e",286,151,440,2245,3044
"978","m",82,"ɝ",260,138,467,1432,1742
"979","m",82,"ɪ",168,149,440,2082,2767
"980","m",82,"i",235,184,373,2207,3191
"981","m",82,"o",252,151,444,815,2375
"982","m",82,"ʊ",196,151,498,1048,2391
"983","m",82,"ʌ",193,149,608,1167,2523
"984","m",82,"u",250,192,387,967,2257
"985","m",83,"æ",273,140,597,1989,2677
"986","m",83,"ɑ",254,126,711,1428,2413
"987","m",83,"ɔ",281,131,631,1167,2344
"988","m",83,"ɛ",204,138,623,1937,2643
"989","m",83,"e",230,142,502,2025,2642
"990","m",83,"ɝ",266,127,505,1447,1823
"991","m",83,"ɪ",194,145,431,2071,2671
"992","m",83,"i",231,154,343,2502,3035
"993","m",83,"o",256,134,522,911,2461
"994","m",83,"ʊ",168,142,435,1263,2559
"995","m",83,"ʌ",201,138,612,1317,2608
"996","m",83,"u",205,151,316,893,2385
"997","m",84,"æ",230,139,561,1772,2597
"998","m",84,"ɑ",213,138,712,1325,2624
"999","m",84,"ɔ",249,134,687,1062,2524
"1000","m",84,"ɛ",188,137,562,1591,2556
"1001","m",84,"e",217,139,501,1944,2643
"1002","m",84,"ɝ",214,150,461,1297,1586
"1003","m",84,"ɪ",185,143,437,1915,2687
"1004","m",84,"i",221,141,394,2300,2827
"1005","m",84,"o",229,143,554,1005,2369
"1006","m",84,"ʊ",176,151,468,1064,2383
"1007","m",84,"ʌ",181,144,628,1172,2626
"1008","m",84,"u",200,154,437,1085,2305
"1009","m",85,"æ",334,128,615,1885,2709
"1010","m",85,"ɑ",292,140,821,1283,2498
"1011","m",85,"ɔ",328,131,684,1000,2576
"1012","m",85,"ɛ",207,161,622,1799,2726
"1013","m",85,"e",319,138,549,1921,2686
"1014","m",85,"ɝ",326,143,557,1344,1610
"1015","m",85,"ɪ",191,162,474,1956,2762
"1016","m",85,"i",286,157,373,2214,3134
"1017","m",85,"o",289,140,528,792,2481
"1018","m",85,"ʊ",227,128,510,1238,2250
"1019","m",85,"ʌ",242,128,631,1241,2276
"1020","m",85,"u",256,154,435,1070,2416
"1021","m",86,"æ",276,98,577,1952,2588
"1022","m",86,"ɑ",286,101,822,1315,2708
"1023","m",86,"ɔ",301,100,684,1001,2833
"1024","m",86,"ɛ",200,98,561,1786,2603
"1025","m",86,"e",269,101,497,2083,2628
"1026","m",86,"ɝ",252,105,491,1300,1744
"1027","m",86,"ɪ",204,111,433,2012,2708
"1028","m",86,"i",291,100,312,2307,2834
"1029","m",86,"o",282,106,555,1019,2611
"1030","m",86,"ʊ",220,112,409,965,2490
"1031","m",86,"ʌ",208,107,650,1154,2640
"1032","m",86,"u",219,113,365,999,2270
"1033","m",87,"æ",283,187,629,2436,3022
"1034","m",87,"ɑ",285,180,753,1200,2677
"1035","m",87,"ɔ",293,184,704,1052,2749
"1036","m",87,"ɛ",200,187,723,2208,3057
"1037","m",87,"e",255,181,537,2493,3151
"1038","m",87,"ɝ",255,196,486,1372,1797
"1039","m",87,"ɪ",224,196,432,2494,3137
"1040","m",87,"i",234,216,420,2600,3256
"1041","m",87,"o",247,181,552,924,2565
"1042","m",87,"ʊ",186,195,497,1107,2501
"1043","m",87,"ʌ",194,180,670,1061,2703
"1044","m",87,"u",245,224,437,871,2393
"1045","m",88,"æ",292,129,511,1811,2529
"1046","m",88,"ɑ",301,120,662,1183,2374
"1047","m",88,"ɔ",300,121,591,974,2325
"1048","m",88,"ɛ",209,127,534,1608,2509
"1049","m",88,"e",282,123,482,1804,2551
"1050","m",88,"ɝ",259,133,443,1262,1538
"1051","m",88,"ɪ",244,131,396,1810,2504
"1052","m",88,"i",228,159,315,2052,3005
"1053","m",88,"o",293,143,473,820,2308
"1054","m",88,"ʊ",219,141,465,1087,2217
"1055","m",88,"ʌ",198,124,566,1040,2476
"1056","m",88,"u",250,147,413,1193,2164
"1057","m",89,"æ",245,119,590,1830,2512
"1058","m",89,"ɑ",207,122,682,1259,2618
"1059","m",89,"ɔ",242,118,611,1067,2491
"1060","m",89,"ɛ",198,124,574,1813,2476
"1061","m",89,"e",247,120,501,2042,2617
"1062","m",89,"ɝ",248,116,489,1493,1836
"1063","m",89,"ɪ",182,137,429,1962,2554
"1064","m",89,"i",216,130,366,2504,2959
"1065","m",89,"o",232,133,499,927,2493
"1066","m",89,"ʊ",167,136,441,1181,2326
"1067","m",89,"ʌ",188,119,600,1182,2471
"1068","m",89,"u",212,132,378,893,2455
"1069","m",90,"æ",266,123,622,1957,2841
"1070","m",90,"ɑ",270,124,818,1315,2697
"1071","m",90,"ɔ",293,121,643,931,2630
"1072","m",90,"ɛ",172,114,557,1996,2876
"1073","m",90,"e",229,138,441,2348,2935
"1074","m",90,"ɝ",238,156,444,1377,1543
"1075","m",90,"ɪ",177,136,416,2296,2995
"1076","m",90,"i",246,133,370,2536,3332
"1077","m",90,"o",188,136,495,938,2519
"1078","m",90,"ʊ",178,164,456,1002,2518
"1079","m",90,"ʌ",166,138,618,1228,2718
"1080","m",90,"u",125,171,374,887,2478
"1081","m",91,"æ",289,116,565,2055,2575
"1082","m",91,"ɑ",250,110,710,1483,2575
"1083","m",91,"ɔ",277,109,679,1102,2424
"1084","m",91,"ɛ",178,115,565,1952,2619
"1085","m",91,"e",256,109,492,2108,2974
"1086","m",91,"ɝ",258,123,516,1399,1756
"1087","m",91,"ɪ",198,130,441,2068,2594
"1088","m",91,"i",228,114,354,2375,3150
"1089","m",91,"o",251,119,601,1045,2396
"1090","m",91,"ʊ",205,120,495,1106,2444
"1091","m",91,"ʌ",176,119,622,1163,2370
"1092","m",91,"u",222,130,389,1033,2375
"1093","w",92,"æ",305,225,678,2293,2861
"1094","w",92,"ɑ",265,211,1012,1603,2767
"1095","w",92,"ɔ",305,218,815,1200,2783
"1096","w",92,"ɛ",217,228,734,1893,2820
"1097","w",92,"e",239,227,539,2476,2868
"1098","w",92,"ɝ",300,224,470,1437,1672
"1099","w",92,"ɪ",176,246,496,2260,3027
"1100","w",92,"i",232,234,441,2806,3260
"1101","w",92,"o",302,234,557,1135,2961
"1102","w",92,"ʊ",238,228,489,1357,2937
"1103","w",92,"ʌ",246,222,803,1501,2989
"1104","w",92,"u",281,260,503,1068,2810
"1105","w",93,"æ",486,214,624,2442,3091
"1106","w",93,"ɑ",443,209,883,1682,2962
"1107","w",93,"ɔ",464,211,760,1225,2796
"1108","w",93,"ɛ",432,197,740,2186,3086
"1109","w",93,"e",453,220,477,2704,3102
"1110","w",93,"ɝ",418,218,500,1441,1914
"1111","w",93,"ɪ",356,219,446,2444,2956
"1112","w",93,"i",380,222,435,2890,3667
"1113","w",93,"o",422,212,432,1013,2690
"1114","w",93,"ʊ",390,225,503,1332,2903
"1115","w",93,"ʌ",345,226,788,1547,2917
"1116","w",93,"u",409,218,435,1384,2804
"1117","w",94,"æ",293,192,666,2370,2814
"1118","w",94,"ɑ",257,192,1025,1548,2748
"1119","w",94,"ɔ",326,186,772,1051,2870
"1120","w",94,"ɛ",202,218,707,2110,3028
"1121","w",94,"e",263,208,672,2457,3190
"1122","w",94,"ɝ",278,182,523,1413,1932
"1123","w",94,"ɪ",197,188,486,2332,2925
"1124","w",94,"i",289,192,380,2703,3087
"1125","w",94,"o",274,176,624,1130,2881
"1126","w",94,"ʊ",265,215,494,1102,2863
"1127","w",94,"ʌ",206,182,789,1291,2877
"1128","w",94,"u",271,211,431,788,2717
"1129","w",95,"æ",353,233,743,2230,3055
"1130","w",95,"ɑ",350,216,804,1484,2789
"1131","w",95,"ɔ",379,203,770,1245,2811
"1132","w",95,"ɛ",315,216,693,1991,3121
"1133","w",95,"e",437,226,601,2577,3091
"1134","w",95,"ɝ",350,216,619,1716,2138
"1135","w",95,"ɪ",356,224,502,2391,3071
"1136","w",95,"i",364,215,428,2767,3627
"1137","w",95,"o",410,225,627,1314,2911
"1138","w",95,"ʊ",279,222,509,1323,3122
"1139","w",95,"ʌ",331,216,731,1552,3111
"1140","w",95,"u",430,216,436,1415,2843
"1141","w",96,"æ",338,223,677,2320,2987
"1142","w",96,"ɑ",365,226,935,1377,2598
"1143","w",96,"ɔ",363,231,923,1368,2503
"1144","w",96,"ɛ",260,233,743,1981,2868
"1145","w",96,"e",302,241,487,2600,3130
"1146","w",96,"ɝ",317,242,494,1485,1863
"1147","w",96,"ɪ",266,238,497,2379,3074
"1148","w",96,"i",305,249,346,2703,3510
"1149","w",96,"o",376,224,443,879,2532
"1150","w",96,"ʊ",269,244,506,1188,2485
"1151","w",96,"ʌ",290,224,693,1381,2560
"1152","w",96,"u",328,223,455,994,2612
"1153","w",97,"æ",362,223,627,2266,2875
"1154","w",97,"ɑ",329,211,804,1363,2803
"1155","w",97,"ɔ",363,212,778,1220,2677
"1156","w",97,"ɛ",280,211,712,1881,2777
"1157","w",97,"e",318,214,492,2437,3001
"1158","w",97,"ɝ",342,225,527,1636,1974
"1159","w",97,"ɪ",266,216,531,2174,2984
"1160","w",97,"i",332,221,439,2676,3291
"1161","w",97,"o",353,203,580,995,2637
"1162","w",97,"ʊ",283,207,483,987,2679
"1163","w",97,"ʌ",233,226,795,1362,2671
"1164","w",97,"u",311,219,437,1113,2676
"1165","w",98,"æ",313,176,690,2327,2771
"1166","w",98,"ɑ",306,173,939,1233,2564
"1167","w",98,"ɔ",314,167,809,1097,2646
"1168","w",98,"ɛ",238,198,734,2141,2746
"1169","w",98,"e",330,186,553,2458,2788
"1170","w",98,"ɝ",320,174,518,1604,1912
"1171","w",98,"ɪ",285,192,535,2380,2930
"1172","w",98,"i",281,200,394,2689,3058
"1173","w",98,"o",262,196,621,1025,2704
"1174","w",98,"ʊ",227,182,563,1233,2758
"1175","w",98,"ʌ",209,189,854,1401,2756
"1176","w",98,"u",384,211,384,1084,2929
"1177","w",99,"æ",284,238,658,2650,3471
"1178","w",99,"ɑ",317,243,827,1701,3056
"1179","w",99,"ɔ",320,242,815,1426,2990
"1180","w",99,"ɛ",199,244,732,2189,3366
"1181","w",99,"e",274,238,496,2665,3173
"1182","w",99,"ɝ",272,250,516,1983,2093
"1183","w",99,"ɪ",180,247,498,2654,3391
"1184","w",99,"i",297,264,493,2967,3496
"1185","w",99,"o",304,253,506,1257,2957
"1186","w",99,"ʊ",210,254,546,1534,2880
"1187","w",99,"ʌ",207,243,716,1634,3119
"1188","w",99,"u",287,258,503,1514,2816
"1189","w",100,"æ",253,251,685,2299,2930
"1190","w",100,"ɑ",282,240,913,1436,2589
"1191","w",100,"ɔ",309,241,890,1063,2523
"1192","w",100,"ɛ",233,246,710,2138,2818
"1193","w",100,"e",222,265,505,2777,3044
"1194","w",100,"ɝ",261,248,503,1480,1735
"1195","w",100,"ɪ",218,253,500,2272,3028
"1196","w",100,"i",246,266,442,2850,3157
"1197","w",100,"o",257,252,538,998,2796
"1198","w",100,"ʊ",209,247,500,1200,2783
"1199","w",100,"ʌ",193,236,809,1391,2927
"1200","w",100,"u",265,265,504,1096,2665
"1201","w",101,"æ",356,227,621,2249,2873
"1202","w",101,"ɑ",367,223,856,1540,2667
"1203","w",101,"ɔ",416,225,771,1170,2760
"1204","w",101,"ɛ",271,227,704,2023,2927
"1205","w",101,"e",347,220,455,2433,3023
"1206","w",101,"ɝ",342,230,495,1596,1973
"1207","w",101,"ɪ",249,227,471,2277,2884
"1208","w",101,"i",324,239,477,2866,3236
"1209","w",101,"o",363,219,453,980,2854
"1210","w",101,"ʊ",253,231,491,1179,2636
"1211","w",101,"ʌ",256,217,680,1499,2885
"1212","w",101,"u",351,238,473,1113,2626
"1213","w",102,"æ",385,188,868,2004,2797
"1214","w",102,"ɑ",380,191,882,1380,2834
"1215","w",102,"ɔ",380,197,755,1114,2766
"1216","w",102,"ɛ",317,195,766,1922,2908
"1217","w",102,"e",413,214,574,2316,2854
"1218","w",102,"ɝ",389,195,567,1496,1803
"1219","w",102,"ɪ",320,207,453,2427,2932
"1220","w",102,"i",433,203,408,2627,3064
"1221","w",102,"o",372,196,597,1150,2751
"1222","w",102,"ʊ",332,200,575,1619,2737
"1223","w",102,"ʌ",266,205,773,1614,2813
"1224","w",102,"u",377,232,461,1627,2761
"1225","w",103,"æ",355,229,682,2486,3207
"1226","w",103,"ɑ",343,216,887,1743,2557
"1227","w",103,"ɔ",397,227,930,1422,2489
"1228","w",103,"ɛ",234,210,673,2389,2989
"1229","w",103,"e",329,238,502,2674,3394
"1230","w",103,"ɝ",348,219,501,1555,1938
"1231","w",103,"ɪ",246,237,489,2603,3353
"1232","w",103,"i",359,223,435,2868,3625
"1233","w",103,"o",319,233,688,1185,2748
"1234","w",103,"ʊ",289,225,502,1322,2951
"1235","w",103,"ʌ",248,241,817,1604,2649
"1236","w",103,"u",300,242,477,998,2690
"1237","w",104,"æ",315,237,668,2252,2790
"1238","w",104,"ɑ",329,226,869,1495,2731
"1239","w",104,"ɔ",363,234,697,1142,2507
"1240","w",104,"ɛ",231,214,651,2157,2794
"1241","w",104,"e",318,236,647,2539,2879
"1242","w",104,"ɝ",275,244,531,1688,1971
"1243","w",104,"ɪ",219,233,555,2216,2812
"1244","w",104,"i",336,229,438,2813,3532
"1245","w",104,"o",315,236,631,1181,2458
"1246","w",104,"ʊ",227,240,552,1193,2559
"1247","w",104,"ʌ",221,235,739,1320,2596
"1248","w",104,"u",298,231,445,1136,2692
"1249","w",105,"æ",272,214,726,2350,2996
"1250","w",105,"ɑ",275,211,994,1609,2930
"1251","w",105,"ɔ",266,223,748,1063,2876
"1252","w",105,"ɛ",241,226,817,2242,3139
"1253","w",105,"e",230,206,596,2478,2924
"1254","w",105,"ɝ",267,225,506,1604,1915
"1255","w",105,"ɪ",209,221,491,2316,2934
"1256","w",105,"i",261,225,440,2706,3404
"1257","w",105,"o",264,216,636,1041,2862
"1258","w",105,"ʊ",227,224,499,1103,2900
"1259","w",105,"ʌ",206,220,742,1352,2960
"1260","w",105,"u",241,239,483,1117,2707
"1261","w",106,"æ",400,226,620,2316,2849
"1262","w",106,"ɑ",340,226,955,1615,2678
"1263","w",106,"ɔ",394,229,827,1189,2633
"1264","w",106,"ɛ",217,222,684,1992,2951
"1265","w",106,"e",325,244,500,2482,3060
"1266","w",106,"ɝ",355,234,484,1652,1928
"1267","w",106,"ɪ",218,234,485,2129,2967
"1268","w",106,"i",321,259,455,2797,3129
"1269","w",106,"o",357,226,449,924,2694
"1270","w",106,"ʊ",240,248,501,1189,2647
"1271","w",106,"ʌ",288,226,700,1338,2750
"1272","w",106,"u",298,262,466,778,2699
"1273","w",107,"æ",356,202,634,2596,3255
"1274","w",107,"ɑ",305,189,1085,1687,2870
"1275","w",107,"ɔ",342,201,847,1192,2999
"1276","w",107,"ɛ",253,197,756,2008,3089
"1277","w",107,"e",336,207,617,2697,3154
"1278","w",107,"ɝ",295,219,597,1588,1905
"1279","w",107,"ɪ",290,214,457,2590,3232
"1280","w",107,"i",278,227,443,2944,3546
"1281","w",107,"o",346,209,612,1026,2896
"1282","w",107,"ʊ",273,219,562,1109,2904
"1283","w",107,"ʌ",250,198,824,1459,2924
"1284","w",107,"u",268,225,440,1122,2856
"1285","w",108,"æ",323,212,672,2145,2764
"1286","w",108,"ɑ",267,205,937,1623,2844
"1287","w",108,"ɔ",341,211,794,1185,2896
"1288","w",108,"ɛ",188,216,750,1935,2930
"1289","w",108,"e",261,210,558,2505,2855
"1290","w",108,"ɝ",308,212,491,1506,1727
"1291","w",108,"ɪ",203,221,474,2362,2830
"1292","w",108,"i",240,210,429,2698,3509
"1293","w",108,"o",298,206,616,1034,2785
"1294","w",108,"ʊ",202,232,492,1161,2766
"1295","w",108,"ʌ",183,212,705,1166,2890
"1296","w",108,"u",266,216,436,911,2724
"1297","w",109,"æ",363,237,698,2339,3075
"1298","w",109,"ɑ",316,239,918,1640,2801
"1299","w",109,"ɔ",327,241,848,1175,2892
"1300","w",109,"ɛ",317,238,706,1986,3228
"1301","w",109,"e",334,244,572,2428,3120
"1302","w",109,"ɝ",319,246,524,1547,2066
"1303","w",109,"ɪ",256,252,501,2355,3161
"1304","w",109,"i",302,247,492,2695,3371
"1305","w",109,"o",340,241,631,1185,2942
"1306","w",109,"ʊ",332,249,505,1404,2774
"1307","w",109,"ʌ",286,235,839,1555,3003
"1308","w",109,"u",293,257,506,1030,2575
"1309","w",110,"æ",307,187,586,2299,2748
"1310","w",110,"ɑ",365,193,818,1351,2933
"1311","w",110,"ɔ",344,185,713,1132,2948
"1312","w",110,"ɛ",263,173,717,2256,2896
"1313","w",110,"e",305,203,574,2360,2686
"1314","w",110,"ɝ",325,175,508,1562,1914
"1315","w",110,"ɪ",240,213,449,2173,2840
"1316","w",110,"i",287,195,382,2563,3477
"1317","w",110,"o",317,174,504,1047,2749
"1318","w",110,"ʊ",301,233,500,1095,2804
"1319","w",110,"ʌ",249,216,642,1338,2938
"1320","w",110,"u",283,171,360,1034,2731
"1321","w",111,"æ",382,217,616,2156,2865
"1322","w",111,"ɑ",402,216,769,1451,2898
"1323","w",111,"ɔ",465,226,698,1127,2886
"1324","w",111,"ɛ",281,233,727,1871,2902
"1325","w",111,"e",346,238,498,2218,2894
"1326","w",111,"ɝ",370,224,469,1499,1873
"1327","w",111,"ɪ",345,233,458,2143,2986
"1328","w",111,"i",353,223,434,2512,2998
"1329","w",111,"o",374,234,469,934,2571
"1330","w",111,"ʊ",370,242,496,1169,2654
"1331","w",111,"ʌ",330,221,701,1318,2881
"1332","w",111,"u",378,247,491,1260,2502
"1333","w",112,"æ",338,186,576,2429,3101
"1334","w",112,"ɑ",350,178,1008,1495,3018
"1335","w",112,"ɔ",318,191,736,1120,3055
"1336","w",112,"ɛ",239,180,584,2175,2930
"1337","w",112,"e",269,166,511,2574,3085
"1338","w",112,"ɝ",279,173,505,1568,1845
"1339","w",112,"ɪ",171,187,440,2394,3136
"1340","w",112,"i",304,214,435,2621,3116
"1341","w",112,"o",334,181,578,1061,2882
"1342","w",112,"ʊ",270,203,458,1042,3007
"1343","w",112,"ʌ",209,188,777,1397,3033
"1344","w",112,"u",310,199,391,971,2945
"1345","w",113,"æ",365,213,674,2256,2818
"1346","w",113,"ɑ",329,207,905,1514,2848
"1347","w",113,"ɔ",362,209,835,1326,2667
"1348","w",113,"ɛ",294,210,762,1902,2887
"1349","w",113,"e",342,211,513,2435,2939
"1350","w",113,"ɝ",345,212,508,1687,1913
"1351","w",113,"ɪ",227,218,535,2134,2929
"1352","w",113,"i",307,219,433,2634,3307
"1353","w",113,"o",345,201,560,987,2311
"1354","w",113,"ʊ",208,231,617,1373,2579
"1355","w",113,"ʌ",220,211,686,1477,2698
"1356","w",113,"u",363,210,431,1003,2366
"1357","w",114,"æ",331,248,738,2378,3305
"1358","w",114,"ɑ",303,259,1063,1680,2785
"1359","w",114,"ɔ",366,247,907,1527,3075
"1360","w",114,"ɛ",231,251,981,2075,3215
"1361","w",114,"e",349,263,617,2668,3319
"1362","w",114,"ɝ",327,262,538,1813,2236
"1363","w",114,"ɪ",258,256,516,2567,3485
"1364","w",114,"i",334,272,531,2996,3831
"1365","w",114,"o",362,242,508,991,3121
"1366","w",114,"ʊ",245,262,559,1246,3127
"1367","w",114,"ʌ",250,239,769,1382,3035
"1368","w",114,"u",327,268,525,1065,2942
"1369","w",115,"æ",461,220,646,2406,3283
"1370","w",115,"ɑ",430,212,1053,1677,2868
"1371","w",115,"ɔ",414,205,811,1254,2824
"1372","w",115,"ɛ",386,211,794,2046,3082
"1373","w",115,"e",399,212,610,2598,3323
"1374","w",115,"ɝ",403,215,617,1565,1930
"1375","w",115,"ɪ",302,222,552,2453,3346
"1376","w",115,"i",346,237,467,3009,3562
"1377","w",115,"o",443,213,658,1045,2928
"1378","w",115,"ʊ",331,228,509,1244,2980
"1379","w",115,"ʌ",309,217,815,1427,3002
"1380","w",115,"u",382,226,448,1369,2921
"1381","w",116,"æ",346,168,746,1944,2927
"1382","w",116,"ɑ",333,170,798,1351,2851
"1383","w",116,"ɔ",378,180,656,1075,2684
"1384","w",116,"ɛ",183,195,620,2071,2933
"1385","w",116,"e",420,171,485,2423,2912
"1386","w",116,"ɝ",340,184,522,1490,2094
"1387","w",116,"ɪ",209,223,455,2304,2999
"1388","w",116,"i",336,177,375,2577,3276
"1389","w",116,"o",378,167,498,970,2876
"1390","w",116,"ʊ",171,195,490,1122,2824
"1391","w",116,"ʌ",187,195,678,1397,2861
"1392","w",116,"u",333,230,445,881,2580
"1393","w",117,"æ",272,246,734,2518,3176
"1394","w",117,"ɑ",284,250,869,1751,2762
"1395","w",117,"ɔ",284,244,890,1292,2801
"1396","w",117,"ɛ",236,244,741,1997,2567
"1397","w",117,"e",284,243,578,2474,3055
"1398","w",117,"ɝ",242,257,507,1749,2028
"1399","w",117,"ɪ",197,251,515,2378,3063
"1400","w",117,"i",250,252,497,2795,3266
"1401","w",117,"o",265,243,582,946,2704
"1402","w",117,"ʊ",167,262,616,1331,2696
"1403","w",117,"ʌ",195,244,823,1419,3051
"1404","w",117,"u",234,256,503,963,2776
"1405","w",118,"æ",260,225,662,2276,2955
"1406","w",118,"ɑ",217,235,863,1538,3038
"1407","w",118,"ɔ",262,217,860,1504,2834
"1408","w",118,"ɛ",177,223,693,2012,3003
"1409","w",118,"e",231,234,507,2573,3121
"1410","w",118,"ɝ",223,238,514,1831,2192
"1411","w",118,"ɪ",167,238,504,2334,3063
"1412","w",118,"i",222,246,495,2910,3548
"1413","w",118,"o",225,240,613,1184,3063
"1414","w",118,"ʊ",181,242,521,1428,3156
"1415","w",118,"ʌ",194,231,700,1580,3018
"1416","w",118,"u",182,261,508,1001,2763
"1417","w",119,"æ",333,238,696,2447,3122
"1418","w",119,"ɑ",303,248,938,1462,2825
"1419","w",119,"ɔ",327,212,740,1037,2736
"1420","w",119,"ɛ",193,203,597,2426,3018
"1421","w",119,"e",280,246,504,2501,3050
"1422","w",119,"ɝ",311,264,580,1407,1837
"1423","w",119,"ɪ",219,260,544,2570,3135
"1424","w",119,"i",284,275,508,2731,3669
"1425","w",119,"o",285,274,636,981,2944
"1426","w",119,"ʊ",205,285,570,1117,2820
"1427","w",119,"ʌ",200,307,885,1580,3078
"1428","w",119,"u",274,297,510,917,2757
"1429","w",120,"æ",310,238,687,2378,2913
"1430","w",120,"ɑ",293,232,957,1591,2733
"1431","w",120,"ɔ",319,233,867,1207,2746
"1432","w",120,"ɛ",221,244,886,2186,2956
"1433","w",120,"e",313,245,494,2680,3156
"1434","w",120,"ɝ",332,246,557,1546,1929
"1435","w",120,"ɪ",208,250,501,2449,3185
"1436","w",120,"i",306,233,452,2754,3511
"1437","w",120,"o",313,230,636,1096,2684
"1438","w",120,"ʊ",216,254,532,1354,2810
"1439","w",120,"ʌ",208,235,835,1507,2834
"1440","w",120,"u",274,268,502,1050,2695
"1441","w",121,"æ",364,205,645,2154,3139
"1442","w",121,"ɑ",315,202,827,1543,2980
"1443","w",121,"ɔ",384,194,776,1324,2852
"1444","w",121,"ɛ",248,214,588,2130,2870
"1445","w",121,"e",338,212,487,2408,3094
"1446","w",121,"ɝ",335,184,555,1491,1998
"1447","w",121,"ɪ",261,206,431,2190,3060
"1448","w",121,"i",316,237,461,2359,3218
"1449","w",121,"o",363,203,584,936,2985
"1450","w",121,"ʊ",245,228,482,1124,2704
"1451","w",121,"ʌ",199,216,756,1531,2871
"1452","w",121,"u",277,237,488,1119,2702
"1453","w",122,"æ",239,208,626,2374,2836
"1454","w",122,"ɑ",240,213,708,1547,2426
"1455","w",122,"ɔ",287,226,699,1104,2513
"1456","w",122,"ɛ",191,189,755,1762,2646
"1457","w",122,"e",277,215,547,2262,2708
"1458","w",122,"ɝ",272,212,588,1509,1783
"1459","w",122,"ɪ",213,215,478,2157,2793
"1460","w",122,"i",261,216,433,2720,3035
"1461","w",122,"o",239,217,499,1046,2697
"1462","w",122,"ʊ",183,205,541,1183,2780
"1463","w",122,"ʌ",224,209,685,1100,2510
"1464","w",122,"u",242,238,477,1184,2610
"1465","w",123,"æ",261,235,689,2701,3490
"1466","w",123,"ɑ",283,241,1163,1685,3250
"1467","w",123,"ɔ",328,241,906,1386,3066
"1468","w",123,"ɛ",194,236,885,2322,3652
"1469","w",123,"e",296,247,500,2889,3452
"1470","w",123,"ɝ",345,252,549,1749,2209
"1471","w",123,"ɪ",227,252,556,2541,3684
"1472","w",123,"i",257,268,505,2982,3741
"1473","w",123,"o",277,247,504,990,3324
"1474","w",123,"ʊ",187,244,615,1375,3295
"1475","w",123,"ʌ",193,244,828,1454,3287
"1476","w",123,"u",291,272,504,1068,3121
"1477","w",124,"æ",277,218,557,2586,3202
"1478","w",124,"ɑ",247,211,1011,1541,2803
"1479","w",124,"ɔ",253,210,814,1144,2729
"1480","w",124,"ɛ",179,214,804,1998,2775
"1481","w",124,"e",267,211,433,2773,3297
"1482","w",124,"ɝ",240,214,461,1534,1878
"1483","w",124,"ɪ",175,231,486,2454,3106
"1484","w",124,"i",236,220,434,2854,3614
"1485","w",124,"o",254,219,453,880,2924
"1486","w",124,"ʊ",187,232,579,1392,2760
"1487","w",124,"ʌ",164,222,764,1359,2875
"1488","w",124,"u",244,242,483,938,2835
"1489","w",125,"æ",328,211,668,2296,2711
"1490","w",125,"ɑ",310,201,1035,1486,2865
"1491","w",125,"ɔ",331,207,801,1187,2935
"1492","w",125,"ɛ",223,202,718,2005,2906
"1493","w",125,"e",314,215,591,2562,3156
"1494","w",125,"ɝ",300,218,537,1509,1682
"1495","w",125,"ɪ",176,218,442,2472,3010
"1496","w",125,"i",276,215,426,2775,3535
"1497","w",125,"o",309,210,641,1195,2890
"1498","w",125,"ʊ",203,236,552,1364,2809
"1499","w",125,"ʌ",215,207,729,1435,3109
"1500","w",125,"u",294,232,448,1463,2693
"1501","w",126,"æ",413,200,746,2371,2984
"1502","w",126,"ɑ",455,208,952,1676,2862
"1503","w",126,"ɔ",422,213,822,1177,2950
"1504","w",126,"ɛ",368,205,773,2042,3009
"1505","w",126,"e",402,211,596,2314,3113
"1506","w",126,"ɝ",438,206,492,1635,1871
"1507","w",126,"ɪ",353,225,486,2253,3212
"1508","w",126,"i",324,220,424,2692,3336
"1509","w",126,"o",340,217,620,1057,2833
"1510","w",126,"ʊ",328,214,449,1396,2702
"1511","w",126,"ʌ",365,206,761,1380,3042
"1512","w",126,"u",405,219,438,1711,2636
"1513","w",127,"æ",405,192,893,2070,3024
"1514","w",127,"ɑ",419,175,810,1314,3236
"1515","w",127,"ɔ",413,196,851,1105,3249
"1516","w",127,"ɛ",343,191,694,2160,3144
"1517","w",127,"e",367,193,500,2622,3305
"1518","w",127,"ɝ",371,198,455,1769,2070
"1519","w",127,"ɪ",363,201,440,2453,3123
"1520","w",127,"i",396,201,380,2816,3312
"1521","w",127,"o",406,195,563,1198,3046
"1522","w",127,"ʊ",333,228,464,1169,2985
"1523","w",127,"ʌ",325,206,809,1468,3153
"1524","w",127,"u",406,220,437,1178,2852
"1525","w",128,"æ",294,219,665,2408,3034
"1526","w",128,"ɑ",336,217,993,1671,2751
"1527","w",128,"ɔ",327,219,825,1213,2751
"1528","w",128,"ɛ",268,210,680,2068,3072
"1529","w",128,"e",310,224,645,2554,3047
"1530","w",128,"ɝ",303,230,656,1614,2008
"1531","w",128,"ɪ",239,231,477,2554,3296
"1532","w",128,"i",276,223,439,2927,3283
"1533","w",128,"o",296,221,632,1108,2869
"1534","w",128,"ʊ",251,258,552,1214,2882
"1535","w",128,"ʌ",214,228,818,1516,2970
"1536","w",128,"u",277,260,504,1041,2838
"1537","w",129,"æ",365,192,564,2442,2880
"1538","w",129,"ɑ",338,212,931,1348,2698
"1539","w",129,"ɔ",369,211,752,1101,2616
"1540","w",129,"ɛ",259,193,694,2052,2838
"1541","w",129,"e",344,198,434,2568,3053
"1542","w",129,"ɝ",340,189,509,1365,1884
"1543","w",129,"ɪ",247,216,436,2559,3104
"1544","w",129,"i",338,210,430,2606,3280
"1545","w",129,"o",353,204,430,820,2783
"1546","w",129,"ʊ",236,187,486,1088,2663
"1547","w",129,"ʌ",233,198,710,1293,2623
"1548","w",129,"u",266,215,429,827,2719
"1549","w",130,"æ",301,197,714,2254,2625
"1550","w",130,"ɑ",297,198,822,1371,3130
"1551","w",130,"ɔ",303,200,765,997,3477
"1552","w",130,"ɛ",237,185,726,2123,2959
"1553","w",130,"e",296,202,543,2399,2775
"1554","w",130,"ɝ",304,207,584,1486,1783
"1555","w",130,"ɪ",227,205,501,2292,2863
"1556","w",130,"i",271,198,383,2733,3326
"1557","w",130,"o",305,207,438,812,3068
"1558","w",130,"ʊ",233,205,516,1019,2890
"1559","w",130,"ʌ",233,194,755,1427,2965
"1560","w",130,"u",296,223,438,1078,2774
"1561","w",131,"æ",301,216,625,2594,3146
"1562","w",131,"ɑ",298,200,875,1491,2979
"1563","w",131,"ɔ",332,198,957,1183,3066
"1564","w",131,"ɛ",203,217,714,2255,2941
"1565","w",131,"e",298,214,555,2766,3181
"1566","w",131,"ɝ",262,208,491,1655,2062
"1567","w",131,"ɪ",200,219,443,2644,3306
"1568","w",131,"i",263,229,438,2964,3632
"1569","w",131,"o",288,226,450,889,2904
"1570","w",131,"ʊ",217,226,444,1081,3049
"1571","w",131,"ʌ",201,215,827,1416,3022
"1572","w",131,"u",235,237,450,916,2959
"1573","w",132,"æ",312,222,552,2227,2978
"1574","w",132,"ɑ",268,226,884,1568,2819
"1575","w",132,"ɔ",387,237,799,1146,2770
"1576","w",132,"ɛ",250,209,623,1882,3007
"1577","w",132,"e",343,232,484,2276,3151
"1578","w",132,"ɝ",331,240,482,1676,1942
"1579","w",132,"ɪ",170,236,489,2175,2990
"1580","w",132,"i",376,250,427,2772,3762
"1581","w",132,"o",318,219,444,987,2727
"1582","w",132,"ʊ",246,240,497,1440,2713
"1583","w",132,"ʌ",156,236,736,1300,2829
"1584","w",132,"u",272,255,474,974,2540
"1585","w",133,"æ",353,230,685,2205,2813
"1586","w",133,"ɑ",340,212,938,1492,2673
"1587","w",133,"ɔ",390,222,715,963,2455
"1588","w",133,"ɛ",255,221,718,1952,2817
"1589","w",133,"e",300,217,442,2464,3067
"1590","w",133,"ɝ",319,237,487,1434,1911
"1591","w",133,"ɪ",266,225,451,2247,2929
"1592","w",133,"i",368,226,437,2555,3583
"1593","w",133,"o",347,212,435,862,2516
"1594","w",133,"ʊ",242,224,499,1144,2511
"1595","w",133,"ʌ",251,214,678,1229,2590
"1596","w",133,"u",346,254,430,954,2491
"1597","w",134,"æ",333,208,657,2192,2654
"1598","w",134,"ɑ",312,195,914,1383,2854
"1599","w",134,"ɔ",351,196,790,1044,2933
"1600","w",134,"ɛ",247,198,758,2091,2829
"1601","w",134,"e",319,205,606,2438,2723
"1602","w",134,"ɝ",310,204,537,1638,1932
"1603","w",134,"ɪ",287,213,442,2316,2899
"1604","w",134,"i",326,217,431,2522,3008
"1605","w",134,"o",323,206,608,1007,2866
"1606","w",134,"ʊ",239,224,480,1108,2717
"1607","w",134,"ʌ",274,199,780,1380,2854
"1608","w",134,"u",340,204,415,1001,2556
"1609","w",135,"æ",365,156,649,2508,3050
"1610","w",135,"ɑ",334,150,901,1509,2670
"1611","w",135,"ɔ",396,162,850,1182,2909
"1612","w",135,"ɛ",284,168,676,2196,3124
"1613","w",135,"e",377,160,485,2619,3132
"1614","w",135,"ɝ",382,166,500,1637,1928
"1615","w",135,"ɪ",252,149,449,2492,3040
"1616","w",135,"i",316,155,331,3049,3736
"1617","w",135,"o",350,183,568,1112,2827
"1618","w",135,"ʊ",265,177,520,1421,2998
"1619","w",135,"ʌ",200,155,693,1277,2935
"1620","w",135,"u",302,166,362,1351,2879
"1621","w",136,"æ",327,211,817,2102,2711
"1622","w",136,"ɑ",302,207,975,1534,2658
"1623","w",136,"ɔ",310,206,813,1117,2585
"1624","w",136,"ɛ",244,217,770,1866,2653
"1625","w",136,"e",313,218,472,2616,2864
"1626","w",136,"ɝ",327,211,456,1615,1826
"1627","w",136,"ɪ",208,221,444,2237,2711
"1628","w",136,"i",336,230,440,2757,3175
"1629","w",136,"o",380,224,624,1109,2691
"1630","w",136,"ʊ",231,237,498,1162,2708
"1631","w",136,"ʌ",206,213,712,1499,2757
"1632","w",136,"u",272,238,482,987,2781
"1633","w",137,"æ",310,210,626,2331,2826
"1634","w",137,"ɑ",346,218,796,1502,2810
"1635","w",137,"ɔ",355,221,736,1098,2821
"1636","w",137,"ɛ",244,213,683,1851,2877
"1637","w",137,"e",309,224,546,2237,2864
"1638","w",137,"ɝ",346,231,604,1441,1835
"1639","w",137,"ɪ",209,238,498,2234,2876
"1640","w",137,"i",279,255,489,2641,2952
"1641","w",137,"o",282,237,522,923,2871
"1642","w",137,"ʊ",239,255,519,1051,2741
"1643","w",137,"ʌ",208,236,733,1378,2891
"1644","w",137,"u",265,234,458,1163,2651
"1645","w",138,"æ",319,209,706,2400,2923
"1646","w",138,"ɑ",326,224,1145,1455,3272
"1647","w",138,"ɔ",318,219,677,1054,3278
"1648","w",138,"ɛ",221,222,709,2088,2670
"1649","w",138,"e",305,214,439,2801,3084
"1650","w",138,"ɝ",301,176,513,1569,1869
"1651","w",138,"ɪ",216,225,463,2603,2991
"1652","w",138,"i",290,243,419,2874,3367
"1653","w",138,"o",315,206,444,803,3233
"1654","w",138,"ʊ",217,256,509,1049,3306
"1655","w",138,"ʌ",215,220,796,1271,3197
"1656","w",138,"u",248,240,467,993,2802
"1657","w",139,"æ",357,209,751,2432,2896
"1658","w",139,"ɑ",357,234,968,1433,2850
"1659","w",139,"ɔ",361,246,995,1359,2941
"1660","w",139,"ɛ",270,219,817,1984,2973
"1661","w",139,"e",361,252,664,2455,2915
"1662","w",139,"ɝ",356,224,503,1766,1956
"1663","w",139,"ɪ",245,239,499,2384,3091
"1664","w",139,"i",314,231,437,2778,3139
"1665","w",139,"o",361,239,720,1277,2812
"1666","w",139,"ʊ",273,236,553,1135,2859
"1667","w",139,"ʌ",262,213,811,1450,2938
"1668","w",139,"u",308,265,491,1317,2680
